file_id,series,archived_at,instance,problem_class,outcome,metric,seal_convention,content_hash,bitcoin_blocks,github_raw,codeberg_raw
EXP-0007-001,exploratory-2HHB-caspase,2026-07-24,2HHB_ca_cutoff8.5,Molecular simulation / allostery,not yet — classical diffusion ranks them as well or better,"percentil medio de residuos alostericos verdaderos en el mapa de propagacion (entre residuos distales, >6A del sitio activo); 100=top",v1-canonica,sha256:c1ba6b202f4bf51395f3c84565ce24a78ef28413c4d1e400afe8ad0ef52e5828,959579 959587 959609,https://raw.githubusercontent.com/RosettaQuantum/evidence/main/runs/2026/07/RosettaQ__RUN__EXP-0007-001__20260724T2046Z__ctqw-vs-diffusion--allostery-2hhb.json,https://codeberg.org/RosettaQuantum/evidence/raw/branch/main/runs/2026/07/RosettaQ__RUN__EXP-0007-001__20260724T2046Z__ctqw-vs-diffusion--allostery-2hhb.json
EXP-0007-002,exploratory-2HHB-caspase,2026-07-24,2HHB_ca_cutoff7.5_t0.5-8.0,Molecular simulation / allostery,not yet,"percentil medio de residuos alostericos verdaderos en el mapa de propagacion (entre residuos distales, >6A del sitio activo); 100=top",v1-canonica,sha256:1947ad7b948aa87f8f03977b912b772fcfb2a43a6883dd6ac1355b8e27fa24bd,959579 959587 959609,https://raw.githubusercontent.com/RosettaQuantum/evidence/main/runs/2026/07/RosettaQ__RUN__EXP-0007-002__20260724T2154Z__ctqw-vs-diffusion--allostery-2hhb-c7.5-t0.5_8.0.json,https://codeberg.org/RosettaQuantum/evidence/raw/branch/main/runs/2026/07/RosettaQ__RUN__EXP-0007-002__20260724T2154Z__ctqw-vs-diffusion--allostery-2hhb-c7.5-t0.5_8.0.json
EXP-0007-003,exploratory-2HHB-caspase,2026-07-24,2HHB_ca_cutoff8.0_t0.5-8.0,Molecular simulation / allostery,quantum win,"percentil medio de residuos alostericos verdaderos en el mapa de propagacion (entre residuos distales, >6A del sitio activo); 100=top",v1-canonica,sha256:cf8b897df2f55dd3620964416fc8a92734bd503a6f34f2a08ed9ab7b5874931d,959579 959587 959609,https://raw.githubusercontent.com/RosettaQuantum/evidence/main/runs/2026/07/RosettaQ__RUN__EXP-0007-003__20260724T2154Z__ctqw-vs-diffusion--allostery-2hhb-c8.0-t0.5_8.0.json,https://codeberg.org/RosettaQuantum/evidence/raw/branch/main/runs/2026/07/RosettaQ__RUN__EXP-0007-003__20260724T2154Z__ctqw-vs-diffusion--allostery-2hhb-c8.0-t0.5_8.0.json
EXP-0007-004,exploratory-2HHB-caspase,2026-07-24,2HHB_ca_cutoff9.0_t0.5-8.0,Molecular simulation / allostery,quantum win,"percentil medio de residuos alostericos verdaderos en el mapa de propagacion (entre residuos distales, >6A del sitio activo); 100=top",v1-canonica,sha256:773b1071d6cbc2f97e4873972e4098dd9ce3b185bd60cf9c3f1925c44d407c33,959579 959587 959609,https://raw.githubusercontent.com/RosettaQuantum/evidence/main/runs/2026/07/RosettaQ__RUN__EXP-0007-004__20260724T2154Z__ctqw-vs-diffusion--allostery-2hhb-c9.0-t0.5_8.0.json,https://codeberg.org/RosettaQuantum/evidence/raw/branch/main/runs/2026/07/RosettaQ__RUN__EXP-0007-004__20260724T2154Z__ctqw-vs-diffusion--allostery-2hhb-c9.0-t0.5_8.0.json
EXP-0007-005,exploratory-2HHB-caspase,2026-07-24,2HHB_ca_cutoff9.5_t0.5-8.0,Molecular simulation / allostery,not yet,"percentil medio de residuos alostericos verdaderos en el mapa de propagacion (entre residuos distales, >6A del sitio activo); 100=top",v1-canonica,sha256:2dfaf0b056152d00824412ddd5342fd40d640db079c8c84971b879d844dc216d,959579 959587 959609,https://raw.githubusercontent.com/RosettaQuantum/evidence/main/runs/2026/07/RosettaQ__RUN__EXP-0007-005__20260724T2154Z__ctqw-vs-diffusion--allostery-2hhb-c9.5-t0.5_8.0.json,https://codeberg.org/RosettaQuantum/evidence/raw/branch/main/runs/2026/07/RosettaQ__RUN__EXP-0007-005__20260724T2154Z__ctqw-vs-diffusion--allostery-2hhb-c9.5-t0.5_8.0.json
EXP-0007-006,exploratory-2HHB-caspase,2026-07-24,2HHB_ca_cutoff10.0_t0.5-8.0,Molecular simulation / allostery,not yet,"percentil medio de residuos alostericos verdaderos en el mapa de propagacion (entre residuos distales, >6A del sitio activo); 100=top",v1-canonica,sha256:540540fa62f4249b0b000a892e93a337caf07949c890ed90a0d19b659439c419,959579 959587 959609,https://raw.githubusercontent.com/RosettaQuantum/evidence/main/runs/2026/07/RosettaQ__RUN__EXP-0007-006__20260724T2154Z__ctqw-vs-diffusion--allostery-2hhb-c10.0-t0.5_8.0.json,https://codeberg.org/RosettaQuantum/evidence/raw/branch/main/runs/2026/07/RosettaQ__RUN__EXP-0007-006__20260724T2154Z__ctqw-vs-diffusion--allostery-2hhb-c10.0-t0.5_8.0.json
EXP-0007-007,exploratory-2HHB-caspase,2026-07-24,2HHB_ca_cutoff8.5_t0.5-4.0,Molecular simulation / allostery,quantum win,"percentil medio de residuos alostericos verdaderos en el mapa de propagacion (entre residuos distales, >6A del sitio activo); 100=top",v1-canonica,sha256:ef55980d2854dd4f9ff54a3b8f4607e11841dfba3cffe18410e6782e3e8b3ebe,959579 959587 959609,https://raw.githubusercontent.com/RosettaQuantum/evidence/main/runs/2026/07/RosettaQ__RUN__EXP-0007-007__20260724T2154Z__ctqw-vs-diffusion--allostery-2hhb-c8.5-t0.5_4.0.json,https://codeberg.org/RosettaQuantum/evidence/raw/branch/main/runs/2026/07/RosettaQ__RUN__EXP-0007-007__20260724T2154Z__ctqw-vs-diffusion--allostery-2hhb-c8.5-t0.5_4.0.json
EXP-0007-008,exploratory-2HHB-caspase,2026-07-24,2HHB_ca_cutoff8.5_t0.5-14.0,Molecular simulation / allostery,not yet,"percentil medio de residuos alostericos verdaderos en el mapa de propagacion (entre residuos distales, >6A del sitio activo); 100=top",v1-canonica,sha256:85afbf66a72c1dacb856ebc21cc27f1b316b80e9bef11d2f473ec62e95ee6569,959579 959587 959609,https://raw.githubusercontent.com/RosettaQuantum/evidence/main/runs/2026/07/RosettaQ__RUN__EXP-0007-008__20260724T2154Z__ctqw-vs-diffusion--allostery-2hhb-c8.5-t0.5_14.0.json,https://codeberg.org/RosettaQuantum/evidence/raw/branch/main/runs/2026/07/RosettaQ__RUN__EXP-0007-008__20260724T2154Z__ctqw-vs-diffusion--allostery-2hhb-c8.5-t0.5_14.0.json
EXP-0007-009,exploratory-2HHB-caspase,2026-07-24,1SHJ_ca_cutoff8.0,Molecular simulation / allostery,not yet,"percentil medio de residuos alostericos verdaderos en el mapa de propagacion (entre residuos distales, >6A del sitio activo); 100=top",v1-canonica,sha256:fca63822edd61e12207af6d2d1e9c1509f7c96dcaea6cb439abdd87c21b4d813,959579 959587 959609,https://raw.githubusercontent.com/RosettaQuantum/evidence/main/runs/2026/07/RosettaQ__RUN__EXP-0007-009__20260724T2201Z__ctqw-vs-diffusion--allostery-1shj-c8.0.json,https://codeberg.org/RosettaQuantum/evidence/raw/branch/main/runs/2026/07/RosettaQ__RUN__EXP-0007-009__20260724T2201Z__ctqw-vs-diffusion--allostery-1shj-c8.0.json
EXP-0007-010,exploratory-2HHB-caspase,2026-07-24,1SHJ_ca_cutoff8.5,Molecular simulation / allostery,not yet,"percentil medio de residuos alostericos verdaderos en el mapa de propagacion (entre residuos distales, >6A del sitio activo); 100=top",v1-canonica,sha256:758add080519b5bf9ed484e36367634fafbd62bb22520232f42fe9c0cf7ef2b8,959579 959587 959609,https://raw.githubusercontent.com/RosettaQuantum/evidence/main/runs/2026/07/RosettaQ__RUN__EXP-0007-010__20260724T2201Z__ctqw-vs-diffusion--allostery-1shj-c8.5.json,https://codeberg.org/RosettaQuantum/evidence/raw/branch/main/runs/2026/07/RosettaQ__RUN__EXP-0007-010__20260724T2201Z__ctqw-vs-diffusion--allostery-1shj-c8.5.json
EXP-0007-011,exploratory-2HHB-caspase,2026-07-24,1SHL_ca_cutoff8.5,Molecular simulation / allostery,not yet,"percentil medio de residuos alostericos verdaderos en el mapa de propagacion (entre residuos distales, >6A del sitio activo); 100=top",v1-canonica,sha256:f91bf9fe2edda3fd8acca98a349849982059bd31fd346bd2e4de48cb664391f9,959579 959587 959609,https://raw.githubusercontent.com/RosettaQuantum/evidence/main/runs/2026/07/RosettaQ__RUN__EXP-0007-011__20260724T2201Z__ctqw-vs-diffusion--allostery-1shl-c8.5.json,https://codeberg.org/RosettaQuantum/evidence/raw/branch/main/runs/2026/07/RosettaQ__RUN__EXP-0007-011__20260724T2201Z__ctqw-vs-diffusion--allostery-1shl-c8.5.json
EXP-0007-012,exploratory-2HHB-caspase,2026-07-24,1B86_ca_cutoff8.5,Molecular simulation / allostery,quantum win,"percentil medio de residuos alostericos verdaderos en el mapa de propagacion (entre residuos distales, >6A del sitio activo); 100=top",v1-canonica,sha256:079dc868300ba03b8cbbf33f954c85d51aa9e9afe7b1dba720d22c72e8a12bfa,959579 959587 959609,https://raw.githubusercontent.com/RosettaQuantum/evidence/main/runs/2026/07/RosettaQ__RUN__EXP-0007-012__20260724T2201Z__ctqw-vs-diffusion--allostery-1b86-c8.5.json,https://codeberg.org/RosettaQuantum/evidence/raw/branch/main/runs/2026/07/RosettaQ__RUN__EXP-0007-012__20260724T2201Z__ctqw-vs-diffusion--allostery-1b86-c8.5.json
EXP-0007-013,cleveland-mandated,2026-07-25,4OBE -> 6OIM cadena A,Allosteric site prediction (Cleveland Clinic track),cuantico peor que el azar,percentil medio de los residuos alostericos verdaderos entre los distales (>6A de la fuente); 100 = el mejor,v2,sha256:1dc7ccc51e0315880afd171e7dc7c894cd6bc16d2a3bf4ceaeef7a6674e62a36,959715 959725 959747,https://raw.githubusercontent.com/RosettaQuantum/evidence/main/runs/2026/07/RosettaQ__RUN__EXP-0007-013__20260725T1542Z__ctqw-vs-clasicos--allosteria-kras-g12c.json,https://codeberg.org/RosettaQuantum/evidence/raw/branch/main/runs/2026/07/RosettaQ__RUN__EXP-0007-013__20260725T1542Z__ctqw-vs-clasicos--allosteria-kras-g12c.json
EXP-0007-014,cleveland-mandated,2026-07-25,1OPL -> 5MO4 cadena A,Allosteric site prediction (Cleveland Clinic track),cuantico por encima del azar pero no significativo,percentil medio de los residuos alostericos verdaderos entre los distales (>6A de la fuente); 100 = el mejor,v2,sha256:1b61568b68e5cc0459cb4756710432bef3bd9e90157b3cb04541fa6332dda3e9,959715 959725 959747,https://raw.githubusercontent.com/RosettaQuantum/evidence/main/runs/2026/07/RosettaQ__RUN__EXP-0007-014__20260725T1542Z__ctqw-vs-clasicos--allosteria-bcr-abl1.json,https://codeberg.org/RosettaQuantum/evidence/raw/branch/main/runs/2026/07/RosettaQ__RUN__EXP-0007-014__20260725T1542Z__ctqw-vs-clasicos--allosteria-bcr-abl1.json
EXP-0007-015,cleveland-mandated,2026-07-25,5TBY -> 9GZ1 cadena A,Allosteric site prediction (Cleveland Clinic track),cuantico por encima del azar pero no significativo,percentil medio de los residuos alostericos verdaderos entre los distales (>6A de la fuente); 100 = el mejor,v2,sha256:6718eba95dba2822b64f62904e0620e559f400eec97b43be4f3a90f1f98b3795,959715 959725 959747,https://raw.githubusercontent.com/RosettaQuantum/evidence/main/runs/2026/07/RosettaQ__RUN__EXP-0007-015__20260725T1543Z__ctqw-vs-clasicos--allosteria-miosina-cardiaca.json,https://codeberg.org/RosettaQuantum/evidence/raw/branch/main/runs/2026/07/RosettaQ__RUN__EXP-0007-015__20260725T1543Z__ctqw-vs-clasicos--allosteria-miosina-cardiaca.json
EXP-0007-016,cleveland-mandated,2026-07-25,1NKP cadenas A+B (c-Myc / Max sobre ADN E-box),Allosteric site prediction (Cleveland Clinic track),prediccion ciega: no existe efector co-cristalizado del que leer el sitio,no evaluable hoy; queda sellada y fechada para contraste futuro,v2,sha256:9a49ff3ae0b4d359abfd87292fb1284a3c2e62f61b968dd60e87f978a3087cb1,959715 959725 959747,https://raw.githubusercontent.com/RosettaQuantum/evidence/main/runs/2026/07/RosettaQ__RUN__EXP-0007-016__20260725T1543Z__ctqw--prediccion-ciega-c-myc.json,https://codeberg.org/RosettaQuantum/evidence/raw/branch/main/runs/2026/07/RosettaQ__RUN__EXP-0007-016__20260725T1543Z__ctqw--prediccion-ciega-c-myc.json
EXP-0007-017,cleveland-mandated,2026-07-25,"KRAS G12C, BCR-ABL1 y miosina cardiaca",Metodologia estadistica para prediccion de sitios alostericos,"NADA es significativo, para ningun metodo, en ninguna diana: todos los p entre 0.15 y 0.85",p-valor por permutacion contra bolsillos distales contiguos del mismo tamano,v2,sha256:ff29769b177ed8c5a7f5cb653e64308b350e304cc086e6eaaf147d62417a43df,959715 959725 959747,https://raw.githubusercontent.com/RosettaQuantum/evidence/main/runs/2026/07/RosettaQ__RUN__EXP-0007-017__20260725T1546Z__nulo-espacial-contiguo--instrumento-de-medicion.json,https://codeberg.org/RosettaQuantum/evidence/raw/branch/main/runs/2026/07/RosettaQ__RUN__EXP-0007-017__20260725T1546Z__nulo-espacial-contiguo--instrumento-de-medicion.json
EXP-0007-018,cleveland-mandated,2026-07-25,KRAS G12C (4OBE/6OIM) y BCR-ABL1 (1OPL/5MO4),Diagnostico estructural de por que falla la prediccion alosterica,"dos modos de fallo distintos, con mecanismo medido y no supuesto","desplazamiento Ca (A) del sitio vs el resto, y contactos antes/despues de unir",v2,sha256:5dc317c23db08f6810465286193f6ec1bac9634d0e2983ee380208658a6e602b,959715 959725 959747,https://raw.githubusercontent.com/RosettaQuantum/evidence/main/runs/2026/07/RosettaQ__RUN__EXP-0007-018__20260725T1538Z__cripticidad--dos-regimenes-de-fallo.json,https://codeberg.org/RosettaQuantum/evidence/raw/branch/main/runs/2026/07/RosettaQ__RUN__EXP-0007-018__20260725T1538Z__cripticidad--dos-regimenes-de-fallo.json
EXP-0007-019,cleveland-mandated,2026-07-25,"KRAS G12C, BCR-ABL1, miosina cardiaca",Caracterizacion de implementabilidad (Cleveland Clinic track),"los tres entregables quedan cubiertos, dos de ellos con resultado desfavorable","Spearman del ranking distal contra el propagador ideal, y percentil del sitio",v2,sha256:a4fdb96d1415bdbd4a0ece693b29886dec4c85be37d4065450987e823984bb37,959715 959725 959747,https://raw.githubusercontent.com/RosettaQuantum/evidence/main/runs/2026/07/RosettaQ__RUN__EXP-0007-019__20260725T1553Z__entregables-exigidos--ruido-escala-y-costo-de-circuito.json,https://codeberg.org/RosettaQuantum/evidence/raw/branch/main/runs/2026/07/RosettaQ__RUN__EXP-0007-019__20260725T1553Z__entregables-exigidos--ruido-escala-y-costo-de-circuito.json
EXP-0007-020,cleveland-mandated,2026-07-30,"KRAS G12C, BCR-ABL1, miosina cardiaca (config central cut 8.5, ventana 0.5-8.0)",Prediccion de sitios alostericos — capa de variables por residuo (Glifo),,,v2,sha256:dd384ac647b30dbe13539fd161572adb08caafdedb3da1e7106b5a8f88555f2b,960266 960302,https://raw.githubusercontent.com/RosettaQuantum/evidence/main/runs/2026/07/RosettaQ__RUN__EXP-0007-020__20260730T1205Z__grafo-anotado-glifo-vs-pelado--eval-registrada.json,https://codeberg.org/RosettaQuantum/evidence/raw/branch/main/runs/2026/07/RosettaQ__RUN__EXP-0007-020__20260730T1205Z__grafo-anotado-glifo-vs-pelado--eval-registrada.json
